-76.622689,41.94494,20.2,0,1795.712751,0
-76.624554,41.868134,231,0,1192.492757,0
-76.587055,41.81453,5,1,1559.884782,0
-76.587055,41.81453,5,1,1559.884782,0
-76.584128,41.8134,26,1,1826.956012,0
-76.592101,41.811758,26,1,1882.446287,0
-76.592101,41.811758,26,1,1882.446287,0
-76.570678,41.811713,26,1,936.48667,0
-76.578032,41.81142,26,1,1290.686089,0
-76.586571,41.811234,5,1,1724.148741,0
-76.565751,41.810855,5,1,757.648141,0
-76.568254,41.810841,5,1,778.380127,0
-76.567412,41.810034,5,1,676.146826,0
-76.612329,41.81001,26,1,2274.399952,0
-76.612329,41.81001,26,1,2274.399952,0
-76.599755,41.809632,85.7,0,1989.413546,0
-76.599755,41.809632,116,0,1989.413546,0
-76.565803,41.809217,5,1,575.462257,0
-76.559632,41.809164,5,1,776.792075,0
-76.586449,41.809066,5,1,1483.341227,0
-76.58453,41.808522,5,1,1413.958196,0
-76.553558,41.808414,5,1,1102.667381,0
-76.58083,41.808038,5,1,1306.335759,0
-76.607052,41.807525,26,1,2276.626123,0
-76.550507,41.807156,5,1,871.765239,0
-76.610872,41.806254,5,1,1040.455208,0
-76.588439,41.8059,5,1,1169.114513,0
-76.591777,41.805888,5,1,1272.577808,0
-76.584658,41.805752,5,1,1106.030338,0
-76.615429,41.805561,26,1,1909.92453,0
-76.616461,41.805367,5,1,1048.284628,0
-76.610429,41.804056,5,1,797.034091,0
-76.604099,41.803705,26,1,1844.431294,0
-76.550738,41.803289,5,1,1073.036966,0
-76.606745,41.802355,5,1,698.150706,0
-76.577898,41.802023,5,1,881.290519,0
-76.557546,41.800879,301,0,784.754057,0
-76.584002,41.80085,5,1,562.336115,0
-76.590624,41.800625,29.7,0,736.71762,0
-76.586631,41.800014,539,0,500.176237,0
-76.613837,41.799541,5,1,381.297598,0
-76.550274,41.799256,26,1,1361.653744,0
-76.605207,41.798814,5,1,518.43848,0
-76.60303,41.798209,5,1,669.153864,0
-76.608101,41.797624,5,1,246.333121,0
-76.606625,41.796879,26,1,1834.605301,0
-76.6021,41.796371,26,1,1456.940266,0
-76.605673,41.796134,5,1,1752.133371,0
-76.549393,41.795531,5,1,1226.257322,0
-76.586587,41.79553,26,1,172.050789,0
-76.586587,41.79553,26,1,172.050789,0
-76.605809,41.7954,26,1,1763.553984,0
-76.605282,41.794665,26,1,1723.908987,0
-76.609164,41.794564,26,1,2045.725735,0
-76.548427,41.794185,26,1,1777.675976,0
-76.540637,41.792631,26,1,1816.477227,0
-76.540637,41.792631,26,1,1816.477227,0
-76.586341,41.792356,5,1,410.349298,0
-76.535685,41.79127,26,1,1689.335833,0
-76.584766,41.790666,5,1,570.50989,0
-76.584766,41.790666,5.81,0,570.50989,0
-76.584766,41.790666,41.8,0,570.50989,0
-76.584766,41.790666,43.1,0,570.50989,0
-76.554834,41.78991,26,1,1453.367413,0
-76.543721,41.789272,26,1,2208.809848,0
-76.537973,41.788358,26,1,1981.372746,0
-76.540719,41.787942,228,0,2208.521003,0
-76.603549,41.787738,26,1,1812.57527,0
-76.582032,41.787693,5,1,924.512669,0
-76.534659,41.787563,31700,0,1777.83033,0
-76.531077,41.787127,496,0,1558.585602,0
-76.532021,41.786809,3130,0,1642.281012,0
-76.551312,41.786778,26,1,1855.63932,0
-76.567815,41.786714,5,1,866.664733,0
-76.611324,41.786712,26,1,1689.576748,0
-76.611324,41.786712,32.8,0,1689.576748,0
-76.614022,41.786211,792,0,1459.28267,0
-76.533614,41.786121,26,1,1793.915306,0
-76.60497,41.786004,26,1,2013.272294,0
-76.606108,41.785944,26,1,2090.406661,0
-76.528577,41.7859,26,1,1496.211707,0
-76.571552,41.785809,5,1,911.13585,0
-76.529144,41.785759,26,1,1540.063948,0
-76.594843,41.785669,26,1,1413.103349,0
-76.529732,41.785584,1430,0,1588.156362,0
-76.604114,41.785537,26,1,1983.35557,0
-76.58223,41.785354,5,1,1176.592952,0
-76.584114,41.785232,19,0,1174.976727,0
-76.534775,41.785191,1070,0,468.599641,0
-76.582923,41.78515,6.16,0,1191.145458,0
-76.531961,41.785059,1580,0,1762.381019,0
-76.614466,41.784839,26,1,1386.702791,0
-76.602329,41.784819,26,1,1914.121824,0
-76.563698,41.784664,5,1,1224.175023,0
-76.532811,41.784579,383,0,1850.471746,0
-76.58404,41.784572,2050,0,1248.523327,0
-76.576731,41.784472,5,1,1144.56865,0
-76.531099,41.784417,26,1,1760.097075,0
-76.531099,41.784417,1370,0,1760.097075,0
-76.580698,41.784401,3370,0,1306.314221,0
-76.556418,41.784374,1590,0,1635.357998,0
-76.577947,41.784145,16.3,0,1218.915442,0
-76.612306,41.783963,32.4,0,1549.078539,0
-76.529863,41.783939,26,1,1729.46708,0
-76.533863,41.783865,5,1,1968.415319,0
-76.538944,41.783644,26,1,2274.270056,0
-76.578723,41.783516,13.3,0,1310.235835,0
-76.552315,41.783472,55.4,0,1974.923615,0
-76.609339,41.783391,281,0,1788.87065,0
-76.535074,41.78338,5,1,642.847259,0
-76.56811,41.783274,5,1,1225.994028,0
-76.531012,41.783253,26,1,1849.653981,0
-76.531012,41.783253,8210,0,1849.653981,0
-76.536466,41.783204,26,1,2179.994393,0
-76.58236,41.783112,4360,0,1421.730156,0
-76.610888,41.782791,340,0,1657.726387,0
-76.608753,41.782759,26,1,1834.629483,0
-76.589761,41.782604,26,1,1529.155753,0
-76.605865,41.782595,1160,0,2073.806479,0
-76.529506,41.7825,26,1,1835.305185,0
-76.608056,41.782438,15900,0,1892.057536,0
-76.565419,41.782423,10.9,0,1383.335158,0
-76.609009,41.782236,26,1,1813.166938,0
-76.542186,41.782213,26,1,2185.878903,0
-76.602177,41.782206,26,1,2102.503852,0
-76.591823,41.782198,26,1,1627.866622,0
-76.539621,41.782183,26,1,2126.251228,0
-76.604511,41.78216,5,1,2186.201815,0
-76.613024,41.782118,162,0,1480.5362,0
-76.594949,41.781926,26,1,1767.025344,0
-76.608226,41.781894,26,1,1878.907959,0
-76.566422,41.781828,5,1,1418.170829,0
-76.607695,41.781766,26,1,1923.409014,0
-76.608684,41.781434,26,1,1843.317129,0
-76.604601,41.781335,26,1,2181.937739,0
-76.604096,41.781319,26,1,2223.845049,0
-76.607522,41.781282,33.4,0,1940.540208,0
-76.566045,41.781229,5,1,1491.097615,0
-76.605435,41.781084,703,0,2114.689286,0
-76.595854,41.781081,26,1,1885.764194,0
-76.607423,41.780983,26,1,1951.191967,0
-76.608355,41.780928,1430,0,1874.72178,0
-76.562241,41.780861,14.3,0,1651.3425,0
-76.607324,41.780736,28.3,0,1961.819938,0
-76.565082,41.780719,5,1,1570.512777,0
-76.562895,41.780675,5,1,1645.401597,0
-76.608176,41.780661,5.24,0,1892.361232,0
-76.564041,41.780642,5,1,1609.789692,0
-76.606496,41.780614,26,1,2031.47342,0
-76.606496,41.780614,19900,0,2031.47342,0
-76.607197,41.780519,26,1,1974.75324,0
-76.604244,41.780504,26,1,2218.505377,0
-76.605109,41.780432,26,1,2147.941167,0
-76.607969,41.780349,5390,0,1913.318836,0
-76.607016,41.780237,26,1,1993.268463,0
-76.550098,41.780168,5,1,1414.336671,0
-76.550098,41.780168,4910,0,1414.336671,0
-76.605813,41.780166,26,1,2093.240704,0
-76.55938,41.779998,7080,0,1854.11225,0
-76.607491,41.779879,26,1,1959.55027,0
-76.607752,41.779722,4880,0,1940.771089,0
-76.564688,41.779714,5,1,1686.731968,0
-76.608135,41.779504,2990,0,1913.376823,0
-76.566578,41.779388,5,1,1675.911864,0
-76.566578,41.779388,5,1,1675.911864,0
-76.607211,41.779383,71.8,0,1991.166721,0
-76.587271,41.77936,26,1,1841.331448,0
-76.605771,41.779257,118,0,2111.223923,0
-76.565013,41.779231,5,1,1728.823628,0
-76.601331,41.779187,364,0,2312.476927,0
-76.606996,41.779184,718,0,2012.587741,0
-76.607688,41.779112,26,1,1957.657855,0
-76.605567,41.779066,26,1,2131.528689,0
-76.585865,41.77892,26,1,1879.506692,0
-76.607494,41.778903,726,0,1977.935363,0
-76.563947,41.778893,5,1,1793.556852,0
-76.605262,41.77889,26,1,2159.912818,0
-76.529806,41.77879,26,1,1732.792152,0
-76.529806,41.77879,26,1,1732.792152,0
-76.529806,41.77879,5190,0,1732.792152,0
-76.60784,41.778739,26,1,1953.572878,0
-76.604835,41.778698,26,1,2198.666489,0
-76.565287,41.778611,5,1,1787.759053,0
-76.606442,41.778595,26,1,2070.29097,0
-76.546908,41.778214,26,1,1952.509982,0
-76.589448,41.778198,26,1,1998.419172,0
-76.604535,41.778193,26,1,2234.266294,0
-76.605909,41.778136,26,1,2124.446969,0
-76.609471,41.778121,5,1,1838.272052,0
-76.562299,41.778102,26.4,0,1926.22211,0
-76.607803,41.777859,26,1,1979.413644,0
-76.611372,41.777828,5,1,1696.129634,0
-76.610656,41.777626,251,0,1759.515194,0
-76.560538,41.777585,19.4,0,2039.958098,0
-76.561786,41.777518,5,1,2002.751264,0
-76.542928,41.77738,26,1,1709.003404,0
-76.604599,41.777035,10600,0,2259.807815,0
-76.561579,41.777026,1160,0,2059.748519,0
-76.6066,41.776551,4690,0,2116.298359,0
-76.541316,41.775432,34100,0,1456.122739,0
-76.595119,41.77535,26,1,2436.556584,0
-76.563763,41.775276,5,1,2179.334928,0
-76.603572,41.77487,26,1,2414.937192,0
-76.559638,41.774468,4080,0,2385.059511,0
-76.606609,41.773813,26,1,2228.562886,0
-76.40073,41.77374,26,1,2584.183174,0
-76.665837,41.771943,385,0,257.028815,0
-76.600711,41.771158,5340,0,2797.650165,0
-76.600711,41.771158,10700,0,2797.650165,0
-76.587286,41.771124,5,1,1823.465739,0
-76.560368,41.771043,32.2,0,2340.557996,0
-76.586389,41.770988,5,1,1885.645238,0
-76.58111,41.770588,2150,0,2240.547579,0
-76.593506,41.770121,689,0,1619.556527,0
-76.559067,41.769973,12.8,0,2198.49615,0
-76.566664,41.769809,5,1,2720.177623,0
-76.588089,41.769268,5,1,1938.8004,0
-76.572992,41.769091,5,1,1777.877726,0
-76.588939,41.769033,5,1,1918.305956,0
-76.589665,41.768914,5,1,1895.383092,0
-76.584996,41.768362,11,0,2178.921202,0
-76.536734,41.767582,1390,0,504.601958,0
-76.536734,41.767582,1830,0,504.601958,0
-76.58423,41.76718,4360,0,2057.182402,0
-76.572296,41.767139,5,1,2987.838805,0
-76.572296,41.767139,3740,0,2987.838805,0
-76.590314,41.766837,5,1,2065.846192,0
-76.544862,41.76644,1.3,0,956.789992,0
-76.544862,41.76644,960,0,956.789992,0
-76.558397,41.766334,15,0,1142.721696,0
-76.55444,41.765274,1.3,0,799.087887,0
-76.55444,41.765274,5,1,1705.73651,0
-76.583794,41.765063,5,1,1865.594819,0
-76.583792,41.764944,5,1,1856.523583,0
-76.578865,41.764834,5,1,1569.360663,0
-76.557686,41.764818,5,1,1969.066026,0
-76.560914,41.764511,9.2,0,367.624933,0
-76.58384,41.764457,11600,0,1823.442473,0
-76.571819,41.764426,5,1,2862.574442,0
-76.584014,41.764296,1180,0,2584.298845,0
-76.602856,41.763976,5,1,2773.001966,0
-76.602856,41.763976,1030,0,2773.001966,0
-76.674071,41.76383,26,1,197.691618,0
-76.67489,41.763787,26,1,180.825492,0
-76.560985,41.763694,1,1,1229.091982,0
-76.560985,41.763694,5,1,1229.091982,0
-76.583102,41.76364,363,0,2687.765499,0
-76.591462,41.763459,4340,0,2282.386975,0
-76.589393,41.762723,32.1,0,2092.538944,0
-76.552077,41.762491,2300,0,627.237044,0
-76.54393,41.76236,3.1,0,829.038245,0
-76.54393,41.76236,5,1,829.038245,0
-76.539979,41.762076,119,0,514.088644,0
-76.539979,41.762076,140,0,514.088644,0
-76.676422,41.761287,26,1,468.168978,0
-76.587743,41.761239,457,0,1894.897724,0
-76.56713,41.761145,5,1,2340.203568,0
-76.56713,41.761145,5,0,829.814358,0
-76.556861,41.76085,1,1,1062.414427,0
-76.556861,41.76085,1,1,1062.414427,0
-76.556861,41.76085,26,1,1914.535968,0
-76.58349,41.75972,27,0,3033.871675,0
-76.587263,41.758818,94.3,0,1754.191087,0
-76.527837,41.758479,70.7,0,747.075148,0
-76.539317,41.758283,5,1,715.1883,0
-76.539317,41.758283,7.2,0,715.1883,0
-76.597225,41.758253,5,1,2449.431639,0
-76.651521,41.758171,864,0,1369.357392,0
-76.528339,41.757485,549,0,805.812639,0
-76.668524,41.757216,26,1,1064.832387,0
-76.581133,41.757214,5,1,1215.362759,0
-76.524264,41.757121,15.6,0,1066.266455,0
-76.545927,41.756853,5,1,1224.03386,0
-76.643746,41.756797,26,1,1105.230961,0
-76.528568,41.756766,5,1,861.769887,0
-76.528568,41.756766,15.2,0,861.769887,0
-76.598238,41.756371,5,1,2227.801071,0
-76.53334,41.756321,5,1,784.871509,0
-76.592718,41.756276,5,1,2130.792771,0
-76.528959,41.755953,5,1,924.717948,0
-76.551822,41.755703,26,1,1335.887406,0
-76.58002,41.75553,5,1,1077.636328,0
-76.587807,41.755383,12.8,0,2441.260789,0
-76.596782,41.755362,5,1,2144.556903,0
-76.563627,41.754805,1,1,326.706089,0
-76.563627,41.754805,26,1,1600.587673,0
-76.563627,41.754805,52.7,0,1600.587673,0
-76.563627,41.754805,63.4,0,1600.587673,0
-76.52977,41.754574,5,1,1038.859628,0
-76.580013,41.754209,5,1,2648.94942,0
-76.532327,41.754207,5,1,1027.576333,0
-76.596817,41.753625,5,1,1957.318246,0
-76.530752,41.753489,5,1,1130.789696,0
-76.530752,41.753489,16.8,0,1130.789696,0
-76.579223,41.753333,5,1,2547.832643,0
-76.574298,41.75316,1,1,2174.567203,0
-76.574298,41.75316,1,1,2174.567203,0
-76.574298,41.75316,5,1,586.137291,0
-76.574298,41.75316,7.45,0,586.137291,0
-76.595931,41.753003,5,1,1912.833725,0
-76.552332,41.752776,5,1,1013.080004,0
-76.595862,41.752126,5,1,1822.5049,0
-76.587256,41.752026,5,1,2160.104951,0
-76.559724,41.751798,66.7,0,1137.269928,0
-76.559724,41.751798,105,0,659.896676,0
-76.584391,41.751746,5,1,2290.698238,0
-76.581397,41.751717,5,1,1192.355797,0
-76.592183,41.751687,5,1,1903.303642,0
-76.605926,41.751264,3530,0,1545.316845,0
-76.546415,41.750859,63.4,0,896.168188,0
-76.577999,41.750793,5,1,946.494708,0
-76.523704,41.750678,26,1,1654.581533,0
-76.523704,41.750678,26,1,1654.581533,0
-76.523704,41.750678,26.7,0,1654.581533,0
-76.523704,41.750678,9540,0,1654.581533,0
-76.596054,41.75044,5,1,1641.246044,0
-76.558743,41.75043,1010,0,967.510104,0
-76.558743,41.75043,1160,0,967.510104,0
-76.558743,41.75043,1210,0,967.510104,0
-76.578654,41.750236,29.8,0,1019.412292,0
-76.568591,41.749969,6.8,0,1590.638932,0
-76.568591,41.749969,8.06,0,1590.638932,0
-76.599176,41.749914,5,1,1508.94235,0
-76.538389,41.749862,5,1,1276.150255,0
-76.557411,41.748134,12.9,0,704.042194,0
-76.582931,41.747996,5,1,2101.902388,0
-76.556321,41.747879,13.5,0,621.193745,0
-76.594034,41.747874,5,1,1459.429097,0
-76.565354,41.747616,4660,0,693.034097,0
-76.550294,41.747483,2500,0,430.516729,0
-76.605748,41.746649,26,1,1127.486131,0
-76.603803,41.746097,5,1,1047.649661,0
-76.566142,41.745855,5,1,875.422891,0
-76.566142,41.745855,13300,0,875.422891,0
-76.554897,41.7456,5,1,361.910897,0
-76.550368,41.745564,5,1,223.660194,0
-76.576998,41.745206,21500,0,1846.947434,0
-76.578808,41.745084,5,1,1890.972881,0
-76.591174,41.744981,5,1,1360.644959,0
-76.586402,41.744552,5,1,1647.548415,0
-76.547686,41.744544,11.9,0,319.21137,0
-76.576358,41.744158,7.25,0,1300.21167,0
-76.546431,41.743487,349,0,409.669889,0
-76.671421,41.743315,5,1,2236.97161,0
-76.540567,41.743177,13.3,0,897.381277,0
-76.568317,41.742701,46.8,0,1224.245598,0
-76.599665,41.742292,5,1,690.042883,0
-76.605026,41.741897,5,1,598.42013,0
-76.550085,41.741016,5,1,316.039089,0
-76.534087,41.74033,26,1,1481.201488,0
-76.692054,41.74032,26,1,1642.741625,0
-76.52689,41.739995,38.4,0,2071.561598,0
-76.528635,41.739602,26,1,1939.667591,0
-76.720652,41.738691,26,1,1718.824946,0
-76.568425,41.738662,1910,0,1012.224045,0
-76.678709,41.738588,10.2,0,2211.84816,0
-76.68061,41.738339,26,1,2069.268117,0
-76.576041,41.737722,5,1,1058.283323,0
-76.691415,41.737662,26,1,1406.071126,0
-76.597436,41.737637,5,1,492.18905,0
-76.685659,41.737335,28.5,0,1679.129454,0
-76.53063,41.737156,26,1,1867.379341,0
-76.734091,41.737025,5,1,1586.798834,0
-76.530153,41.736727,26,1,1922.622024,0
-76.681671,41.736445,228,0,1873.462562,0
-76.701949,41.736421,49.2,0,1071.099027,0
-76.739228,41.736165,5.81,0,1699.22847,0
-76.67467,41.735769,26,1,2341.904067,0
-76.529326,41.735192,26,1,2058.235552,0
-76.69168,41.735112,26,1,1159.872492,0
-76.72849,41.735002,5,1,1904.721778,0
-76.531676,41.734943,26,1,1901.18764,0
-76.645793,41.734669,5,1,1361.415125,0
-76.735551,41.734308,5,1,1882.492469,0
-76.670968,41.733909,26,1,2552.787231,0
-76.670968,41.733909,26,1,2552.787231,0
-76.596646,41.733827,5,1,631.955792,0
-76.659632,41.733619,228,0,1917.090055,0
-76.77655,41.733497,5540,0,1077.264097,0
-76.698621,41.733485,26,1,747.673896,0
-76.698621,41.733485,1020,0,747.673896,0
-76.533174,41.733354,26,1,1255.097156,0
-76.535397,41.733185,5,1,1439.196537,0
-76.570354,41.733005,239,0,387.718384,0
-76.763489,41.732993,5,1,1825.692028,0
-76.535932,41.732548,5,1,1498.75254,0
-76.693055,41.732521,26,1,866.648597,0
-76.706126,41.732443,26,1,788.382791,0
-76.537438,41.732427,5,1,1623.215036,0
-76.76402,41.732346,5,1,1752.52736,0
-76.639218,41.732275,35,0,1692.243801,0
-76.677323,41.732199,5,1,1992.659919,0
-76.539095,41.732048,5,1,1647.052938,0
-76.690261,41.732008,26,1,1006.601706,0
-76.658827,41.731686,5,1,2048.670336,0
-76.580032,41.73164,5060,0,909.907202,0
-76.690445,41.731434,26,1,958.847536,0
-76.632367,41.731338,5,1,1596.019699,0
-76.632367,41.731338,9.18,0,1596.019699,0
-76.687267,41.731161,26,1,1178.263262,0
-76.687267,41.731161,26,1,1178.263262,0
-76.690127,41.731091,26,1,962.202663,0
-76.539948,41.730952,14700,0,1704.180471,0
-76.776296,41.730871,5,1,844.348043,0
-76.698427,41.730846,26,1,467.124531,0
-76.70507,41.730395,26,1,559.829932,0
-76.67567,41.730362,23.3,0,2076.380574,0
-76.712534,41.730305,10.4,0,1088.489208,0
-76.522975,41.730189,26,1,739.809371,0
-76.522975,41.730189,65.6,0,739.809371,0
-76.775639,41.730179,5,1,823.503343,0
-76.661196,41.730164,5,1,2300.36586,0
-76.692929,41.730124,26,1,707.025882,0
-76.696189,41.730114,5,1,493.509204,0
-76.67932,41.73007,26,1,1772.915133,0
-76.546893,41.730057,5,1,1561.026932,0
-76.541545,41.730007,9150,0,1726.161654,0
-76.601793,41.729665,33500,0,789.630927,0
-76.648461,41.729379,6.5,0,1970.025896,0
-76.690547,41.729376,26,1,851.98832,0
-76.736702,41.729372,26,1,2432.202305,0
-76.572887,41.729349,17600,0,289.189574,0
-76.543559,41.729253,5,1,1731.350957,0
-76.669445,41.729235,5,1,2476.789083,0
-76.696696,41.729223,26,1,394.110598,0
-76.55068,41.729107,14.1,0,1555.803601,0
-76.55068,41.729107,3960,0,1555.803601,0
-76.639115,41.729032,5,1,1744.726817,0
-76.639115,41.729032,477,0,1744.726817,0
-76.774401,41.728728,4390,0,804.509569,0
-76.368504,41.728696,933,0,1532.905748,0
-76.712272,41.728455,216,0,1013.079695,0
-76.565574,41.72831,8180,0,349.185456,0
-76.56385,41.728297,33800,0,483.800075,0
-76.600492,41.728251,6.47,0,964.927445,0
-76.529368,41.728225,26,1,1246.455478,0
-76.529368,41.728225,26,1,1246.455478,0
-76.768375,41.728205,306,0,1240.303197,0
-76.653491,41.728085,26,1,2209.958934,0
-76.646969,41.72798,93.4,0,1948.256931,0
-76.675446,41.727787,699,0,2060.923745,0
-76.591498,41.727694,2530,0,1395.388098,0
-76.553975,41.727302,1950,0,1306.453478,0
-76.600132,41.727109,5,1,1095.376592,0
-76.686517,41.727012,26,1,1139.791242,0
-76.595097,41.726921,5,1,1278.327297,0
-76.661312,41.726837,522,0,2613.618135,0
-76.661312,41.726837,582,0,2613.618135,0
-76.773294,41.726633,3640,0,800.293909,0
-76.761089,41.72653,48.1,0,1799.668183,0
-76.75692,41.72638,5,1,2142.909745,0
-76.655851,41.726279,15800,0,2354.886879,0
-76.526416,41.726143,26,1,2844.824694,0
-76.526416,41.726143,26,1,2844.824694,0
-76.526416,41.726143,8630,0,2844.824694,0
-76.560538,41.725912,26100,0,842.673761,0
-76.546024,41.725862,5,1,1985.047004,0
-76.694779,41.725851,26,1,468.00785,0
-76.692264,41.725684,26,1,675.752252,0
-76.590954,41.725647,5,1,1594.990149,0
-76.63062,41.725598,5,1,1288.727738,0
-76.63062,41.725598,7590,0,1288.727738,0
-76.773278,41.725348,4490,0,780.726137,0
-76.771739,41.725324,5,1,908.143393,0
-76.447702,41.725281,26,1,2411.063801,0
-76.447702,41.725281,26,1,2411.063801,0
-76.674549,41.725121,38.1,0,1888.99427,0
-76.574904,41.724946,26800,0,688.39463,0
-76.58296,41.724816,26,1,1242.908226,0
-76.72661,41.724671,235,0,2201.232201,0
-76.605635,41.724522,5,1,1367.121574,0
-76.556325,41.724478,4040,0,1226.134481,0
-76.586337,41.724283,8030,0,1523.068542,0
-76.661251,41.724246,2670,0,2429.77217,0
-76.656126,41.724194,431,0,2249.531527,0
-76.745768,41.724126,26,1,2968.011534,0
-76.745768,41.724126,5560,0,2968.011534,0
-76.648729,41.724077,26,1,1736.060944,0
-76.679542,41.724052,26,1,1669.639523,0
-76.731034,41.724024,74.3,0,2341.864913,0
-76.553746,41.723888,26,1,1446.777247,0
-76.52956,41.723872,5,1,1626.451567,0
-76.673792,41.723849,168,0,1781.51458,0
-76.734135,41.723665,2630,0,2398.971932,0
-76.691991,41.723599,632,0,776.072262,0
-76.737175,41.723593,41.5,0,2507.396305,0
-76.390421,41.723516,5,1,1514.104221,0
-76.721422,41.723372,26,1,1799.679949,0
-76.767386,41.723343,4290,0,1281.067954,0
-76.767386,41.723343,5040,0,1281.067954,0
-76.772004,41.723232,19.7,0,905.718077,0
-76.757121,41.723141,5,1,2129.957512,0
-76.757121,41.723141,55.8,0,2129.957512,0
-76.703927,41.722948,26,1,532.419344,0
-76.703927,41.722948,26,1,532.419344,0
-76.74024,41.722372,26,1,2532.816205,0
-76.643505,41.72217,26,1,1272.104142,0
-76.565215,41.721906,41400,0,922.741837,0
-76.563365,41.721736,20600,0,1007.352077,0
-76.730514,41.721584,295,0,2071.322306,0
-76.76572,41.721413,5,1,1460.837053,0
-76.763942,41.721332,5,1,1605.701837,0
-76.67054,41.721278,26,1,1669.128001,0
-76.590438,41.721065,26,1,1985.382545,0
-76.55951,41.721048,132,0,1256.160096,0
-76.665846,41.721048,5180,0,1908.3357,0
-76.587315,41.721026,25100,0,1764.334489,0
-76.667975,41.720993,535,0,1780.198015,0
-76.667975,41.720993,5640,0,1780.198015,0
-76.548188,41.720876,4460,0,2010.611552,0
-76.756897,41.720793,6.94,0,2188.523346,0
-76.753121,41.720768,2480,0,2496.235514,0
-76.604758,41.720765,5,1,1774.764764,0
-76.745636,41.720627,5,1,2580.013181,0
-76.721142,41.720489,26,1,1830.946445,0
-76.721142,41.720489,26,1,1830.946445,0
-76.721142,41.720489,26,1,1830.946445,0
-76.777901,41.720445,963,0,630.16838,0
-76.646597,41.720407,1850,0,1354.36388,0
-76.777045,41.720397,24800,0,681.504926,0
-76.677262,41.720388,8620,0,1317.464771,0
-76.677262,41.720388,13500,0,1317.464771,0
-76.708665,41.720387,388,0,1003.821765,0
-76.645353,41.720345,53.4,0,1263.286404,0
-76.674497,41.720279,26,1,1399.017291,0
-76.754078,41.719991,1540,0,2436.307583,0
-76.708165,41.71997,166,0,1010.194725,0
-76.595974,41.719918,5,1,1959.205485,0
-76.597994,41.719844,30900,0,1922.365092,0
-76.581686,41.719821,33600,0,1488.784117,0
-76.562796,41.719584,26,1,1240.805071,0
-76.76612,41.71954,5040,0,1499.080543,0
-76.707366,41.719494,200,0,1010.906353,0
-76.736149,41.719476,26,1,2073.744939,0
-76.560432,41.719395,26,1,1356.796452,0
-76.769715,41.719359,6.59,0,1239.747414,0
-76.727497,41.719356,26,1,1760.484133,0
-76.595544,41.719249,5,1,2040.99225,0
-76.700686,41.719225,5,1,851.022278,0
-76.700686,41.719225,5.69,0,851.022278,0
-76.703482,41.719213,5,1,892.869865,0
-76.70604,41.718968,80.8,0,1001.666505,0
-76.674013,41.718907,3810,0,1288.135457,0
-76.707154,41.718878,254,0,1057.568598,0
-76.706566,41.718871,643,0,1032.609025,0
-76.527078,41.718826,7800,0,2031.225139,0
-76.778994,41.718717,5,1,745.509923,0
-76.702731,41.718593,5,1,943.311182,0
-76.689457,41.718504,26,1,1040.762937,0
-76.77996,41.718479,12.6,0,740.794409,0
-76.695871,41.718453,5,1,935.796479,0
-76.689033,41.718447,4640,0,1050.755116,0
-76.685027,41.718422,23700,0,1047.428061,0
-76.704285,41.71841,5,1,998.786459,0
-76.68595,41.718382,10800,0,1060.953729,0
-76.706533,41.718371,5,1,1079.577506,0
-76.686471,41.718369,2460,0,1072.003303,0
-76.687736,41.718361,5010,0,1096.706428,0
-76.686918,41.718347,5,1,1081.611877,0
-76.707265,41.718308,1260,0,1116.101154,0
-76.69148,41.718297,26,1,957.732275,0
-76.755775,41.718082,5,1,2359.357603,0
-76.703521,41.718014,5,1,1021.69367,0
-76.759801,41.71797,5,1,2050.561466,0
-76.662334,41.717917,4600,0,1932.757854,0
-76.56181,41.717836,26,1,1451.372581,0
-76.707159,41.717827,5,1,1157.741616,0
-76.779758,41.717778,186,0,820.098423,0
-76.770158,41.717775,5,1,1305.032246,0
-76.559904,41.717673,26,1,1542.37947,0
-76.647087,41.717586,7.57,0,1260.590045,0
-76.780945,41.717446,5,1,832.205633,0
-76.709079,41.717431,5,1,1280.219818,0
-76.781965,41.717323,5,1,834.83251,0
-76.70457,41.717301,69.8,0,1123.008392,0
-76.70511,41.717275,32.9,0,1140.794527,0
-76.594635,41.717168,927,0,2283.831442,0
-76.725363,41.717166,500,0,1484.113867,0
-76.543786,41.717126,26,1,2538.773442,0
-76.754425,41.717101,5.03,0,2258.960983,0
-76.767664,41.717089,5,1,1517.8563,0
-76.707279,41.717041,5,1,1239.116151,0
-76.642509,41.717028,28.3,0,881.732276,0
-76.766349,41.717011,15700,0,1613.619199,0
-76.764209,41.716957,4320,0,1768.996905,0
-76.684064,41.716805,26.1,0,856.215931,0
-76.680058,41.71679,20000,0,867.883663,0
-76.526169,41.716554,215,0,2246.697174,0
-76.707288,41.716534,7.38,0,1255.340279,0
-76.547867,41.716377,26,1,2314.515599,0
-76.727984,41.716366,2300,0,1454.259648,0
-76.580145,41.71631,14800,0,1724.22101,0
-76.547652,41.716246,1910,0,2337.551064,0
-76.644067,41.716182,13.5,0,976.738177,0
-76.738077,41.716178,26,1,1890.484406,0
-76.738077,41.716178,26,1,1890.484406,0
-76.780982,41.716158,5,1,972.979584,0
-76.706493,41.716093,1580,0,1173.152904,0
-76.62378,41.716064,20200,0,766.400126,0
-76.769586,41.716014,5,1,1466.034502,0
-76.708085,41.715974,5,1,1277.02149,0
-76.707287,41.715973,5,1,1220.662509,0
-76.645685,41.715943,462,0,1102.437744,0
-76.655529,41.715919,202,0,1911.082961,0
-76.640787,41.715879,4800,0,704.955161,0
-76.578553,41.715849,23300,0,1705.618068,0
-76.578553,41.715849,25800,0,1705.618068,0
-76.776039,41.71583,4810,0,1143.058275,0
-76.718794,41.7158,26,1,1336.727254,0
-76.718794,41.7158,26,1,1336.727254,0
-76.709955,41.715659,28.4,0,1396.473628,0
-76.75401,41.715593,21000,0,2088.038237,0
-76.5602,41.715454,26,1,1748.003092,0
-76.52722,41.715296,26,1,2406.051497,0
-76.528469,41.715286,26,1,2440.474104,0
-76.667147,41.715279,22700,0,1440.962856,0
-76.707285,41.715265,113,0,1179.975657,0
-76.767346,41.715263,97.1,0,1661.415943,0
-76.708793,41.715191,26,1,1286.954922,0
-76.708793,41.715191,703,0,1286.954922,0
-76.671724,41.715188,4340,0,1113.665435,0
-76.575133,41.715179,26,1,1671.069227,0
-76.734651,41.715168,5,1,1615.989667,0
-76.765459,41.715063,5,1,1798.001159,0
-76.765459,41.715063,1000,0,1798.001159,0
-76.769247,41.715046,605,0,1559.985662,0
-76.564316,41.715017,26,1,1674.724676,0
-76.549619,41.714976,26,1,2310.860027,0
-76.744575,41.714949,5,1,1958.867662,0
-76.590493,41.714885,26,1,1984.595404,0
-76.590493,41.714885,26,1,1984.595404,0
-76.739145,41.714853,26,1,1854.856702,0
-76.568949,41.71485,26,1,1639.362215,0
-76.712396,41.71485,501,0,1448.492909,0
-76.721561,41.7148,4650,0,1197.551709,0
-76.724962,41.714725,29.9,0,1211.239518,0
-76.746473,41.71448,26800,0,1893.820615,0
-76.737626,41.714475,5,1,1732.386192,0
-76.745427,41.714463,5,1,1897.670368,0
-76.745427,41.714463,311,0,1897.670368,0
-76.544207,41.714433,26,1,2686.58919,0
-76.706357,41.714341,24400,0,1063.768329,0
-76.730578,41.71425,26,1,1334.43928,0
-76.730578,41.71425,26,1,1334.43928,0
-76.730578,41.71425,6750,0,1334.43928,0
-76.550976,41.714175,908,0,2297.839798,0
-76.576941,41.714169,25200,0,1824.79494,0
-76.56653,41.713982,26,1,1751.881883,0
-76.642342,41.713966,14700,0,806.018849,0
-76.759098,41.713966,77.2,0,2073.993092,0
-76.745557,41.713933,5,1,1838.055321,0
-76.740768,41.713872,26,1,1894.415814,0
-76.72286,41.713864,5600,0,1094.149836,0
-76.558255,41.71383,178,0,1982.123499,0
-76.558255,41.71383,329,0,1982.123499,0
-76.638753,41.713786,1010,0,509.23103,0
-76.727437,41.713734,26,1,1164.558035,0
-76.760631,41.71363,5,1,2104.321834,0
-76.724417,41.713568,26,1,1076.427485,0
-76.748019,41.71351,5110,0,1784.901964,0
-76.55696,41.713151,26,1,2099.955455,0
-76.7474,41.713007,2590,0,1728.305999,0
-76.7474,41.713007,3820,0,1728.305999,0
-76.591712,41.712987,26,1,2613.771927,0
-76.763856,41.712952,5,1,2048.53561,0
-76.603874,41.712857,204,0,2187.407459,0
-76.708235,41.712845,43.5,0,1149.963117,0
-76.783984,41.712736,5,1,1345.170711,0
-76.743575,41.712707,28.2,0,1725.290796,0
-76.530077,41.712483,26,1,2779.0495,0
-76.570585,41.712387,9770,0,1915.22995,0
-76.582796,41.712373,26,1,2213.061474,0
-76.546611,41.712249,26,1,2701.90848,0
-76.757935,41.712204,1450,0,1855.646792,0
-76.527163,41.712028,26,1,2753.343508,0
-76.547573,41.711935,5,1,2672.136553,0
-76.744103,41.711877,357,0,1626.601672,0
-76.772374,41.711868,5,1,1676.802818,0
-76.772374,41.711868,5,1,1676.802818,0
-76.586108,41.711854,26,1,2409.968899,0
-76.586108,41.711854,26,1,2409.968899,0
-76.760343,41.711736,3450,0,1914.054917,0
-76.78346,41.711735,25.6,0,1454.875735,0
-76.619781,41.711609,5,1,1102.330716,0
-76.619781,41.711609,23500,0,1102.330716,0
-76.636159,41.711514,24000,0,410.78812,0
-76.636159,41.711514,31600,0,410.78812,0
-76.544047,41.711352,26,1,2923.32088,0
-76.603072,41.711328,5,1,1654.945088,0
-76.779576,41.711138,1000,0,1542.666766,0
-76.750387,41.710974,18100,0,1521.878596,0
-76.757179,41.710885,5,1,1696.790255,0
-76.665449,41.710832,26,1,1425.032108,0
-76.750863,41.710734,4230,0,1502.488923,0
-76.758852,41.710572,2360,0,1737.776246,0
-76.53017,41.710551,26,1,2983.945309,0
-76.53017,41.710551,124,0,2983.945309,0
-76.53017,41.710551,963,0,2983.945309,0
-76.654207,41.710436,32400,0,1836.661657,0
-76.573909,41.710371,26,1,2169.222281,0
-76.783181,41.710273,1540,0,1616.574034,0
-76.719404,41.710158,26,1,717.105582,0
-76.719404,41.710158,735,0,717.105582,0
-76.747404,41.709924,5.92,0,1385.540464,0
-76.550233,41.709731,26,1,2722.29516,0
-76.550233,41.709731,26,1,2722.29516,0
-76.581165,41.70972,26,1,2414.926062,0
-76.749876,41.709547,17.8,0,1358.571794,0
-76.757343,41.709488,24200,0,1568.969569,0
-76.779166,41.709245,10.2,0,1552.913624,0
-76.538452,41.709201,26,1,3403.474503,0
-76.538452,41.709201,2120,0,3403.474503,0
-76.747898,41.709117,883,0,1296.312376,0
-76.77699,41.708968,5,1,1530.441633,0
-76.583118,41.708727,26,1,2583.475365,0
-76.532809,41.708514,26,1,3272.211777,0
-76.565368,41.708488,26,1,2370.268344,0
-76.567989,41.708248,15400,0,2375.968879,0
-76.770632,41.708216,5,1,1585.950282,0
-76.555981,41.708167,5.25,0,2630.131697,0
-76.736176,41.708098,741,0,1250.275661,0
-76.78067,41.708062,5,1,1428.061917,0
-76.770587,41.707618,5,1,1527.369526,0
-76.772595,41.707506,5,1,1450.68261,0
-76.767141,41.707174,5,1,1631.839743,0
-76.767141,41.707174,5,1,1631.839743,0
-76.767141,41.707174,5,1,1631.839743,0
-76.767141,41.707174,2070,0,1631.839743,0
-76.534471,41.707115,158,0,3468.085075,0
-76.556885,41.707025,26,1,2716.060427,0
-76.602074,41.706823,4670,0,2662.801746,0
-76.7734,41.706767,5,1,1350.909883,0
-76.571001,41.706729,1550,0,1772.282322,0
-76.631672,41.706649,5,1,833.00896,0
-76.776658,41.706616,5,1,1273.326034,0
-76.569296,41.706574,4740,0,2559.170942,0
-76.548151,41.706432,4900,0,3121.819178,0
-76.545829,41.70634,203,0,3242.842734,0
-76.53954,41.706309,26,1,3584.715789,0
-76.761941,41.706209,39,0,1546.733242,0
-76.761941,41.706209,4680,0,1546.733242,0
-76.553277,41.706158,26,1,2929.625211,0
-76.5474,41.706153,553,0,3182.832788,0
-76.622626,41.705898,66.8,0,1234.107544,0
-76.773329,41.705782,5,1,1249.784857,0
-76.754479,41.705755,5,1,1090.920468,0
-76.576846,41.705752,26,1,2721.329423,0
-76.576846,41.705752,26,1,2721.329423,0
-76.776894,41.705728,5,1,1172.966588,0
-76.775328,41.705678,5,1,1190.309308,0
-76.780722,41.705523,5,1,1147.885001,0
-76.607044,41.705489,3460,0,1556.943094,0
-76.57197,41.705473,5,1,1052.711092,0
-76.773794,41.705443,5,1,1201.105495,0
-76.783513,41.705334,15.6,0,1179.106392,0
-76.547123,41.705267,729,0,3276.920095,0
-76.632778,41.705173,26,1,993.377203,0
-76.616956,41.705102,39.3,0,1641.921061,0
-76.545437,41.705013,26,1,3380.717519,0
-76.552406,41.704782,26,1,3098.765395,0
-76.774157,41.704706,5,1,1113.852732,0
-76.549927,41.704698,1460,0,3205.827121,0
-76.553667,41.704608,26,1,3069.994787,0
-76.702482,41.704465,5,1,886.288586,0
-76.59315,41.70446,26,1,3418.764804,0
-76.547835,41.704377,3000,0,3326.879006,0
-76.73147,41.704344,5,1,776.013867,0
-76.780107,41.704204,12,0,996.550522,0
-76.551958,41.704141,26,1,3095.65751,0
-76.551958,41.704141,26,1,3095.65751,0
-76.527064,41.704071,26,1,3612.879925,0
-76.682875,41.70402,5,1,575.373174,0
-76.679391,41.70401,528,0,631.031739,0
-76.679391,41.70401,992,0,631.031739,0
-76.553852,41.703886,11.8,0,2936.371991,0
-76.650255,41.703866,26,1,1853.724279,0
-76.563462,41.703866,12800,0,2173.908217,0
-76.554348,41.703859,5,1,2895.805885,0
-76.723431,41.703828,5,1,110.431299,0
-76.723431,41.703828,1050,0,110.431299,0
-76.568957,41.703765,327,0,2871.751604,0
-76.748778,41.703751,26,1,707.71394,0
-76.775183,41.703722,5,1,983.320605,0
-76.554252,41.703627,5,1,2896.971345,0
-76.77402,41.703596,5,1,1002.48948,0
-76.565845,41.703595,203,0,690.897161,0
-76.628851,41.703591,9400,0,1210.630369,0
-76.757331,41.703572,5,1,1064.767512,0
-76.553067,41.703473,26,1,3205.409963,0
-76.776,41.703435,5,1,934.762606,0
-76.600524,41.703432,236,0,2917.719409,0
-76.562478,41.703426,1350,0,2965.65592,0
-76.553841,41.703324,26,1,2921.911059,0
-76.553841,41.703324,26,1,2921.911059,0
-76.644669,41.703312,2240,0,1561.685818,0
-76.781814,41.703263,5,1,917.98417,0
-76.612108,41.703242,1010,0,2088.60382,0
-76.544209,41.703229,26,1,3601.254078,0
-76.567025,41.703172,26,1,2944.138274,0
-76.555395,41.703134,26,1,2791.571152,0
-76.554604,41.703118,26,1,3189.907338,0
-76.740818,41.703085,5,1,833.168792,0
-76.596209,41.703072,26,1,3263.053845,0
-76.553288,41.702888,26,1,3256.877594,0
-76.657202,41.702881,26,1,2188.527173,0
-76.631464,41.702849,4070,0,1255.477207,0
-76.539186,41.702843,49,0,3891.138534,0
-76.729928,41.702759,5,1,662.756289,0
-76.553896,41.702556,621,0,2898.521432,0
-76.555843,41.702528,5,1,2739.939305,0
-76.555843,41.702528,12.4,0,2739.939305,0
-76.555018,41.702417,26,1,3249.177174,0
-76.769881,41.70229,5,1,1066.326471,0
-76.706462,41.702264,5,1,1294.608045,0
-76.684612,41.702165,7.89,0,799.778526,0
-76.560931,41.702117,26,1,3134.899389,0
-76.781245,41.702054,26,1,776.051818,0
-76.586687,41.702054,26,1,3380.693383,0
-76.576055,41.702037,26,1,2804.16081,0
-76.531746,41.701999,26,1,3929.995095,0
-76.531746,41.701999,26,1,3929.995095,0
-76.765661,41.701988,5,1,1310.136284,0
-76.558134,41.701914,27.8,0,3216.667619,0
-76.559181,41.701902,32.7,0,2454.314886,0
-76.653354,41.701789,26,1,2076.693285,0
-76.557157,41.701703,66.8,0,2614.243603,0
-76.715113,41.701686,5,1,635.951695,0
-76.524282,41.701686,26,1,3837.2513,0
-76.773632,41.701532,5,1,811.014944,0
-76.773632,41.701532,5,1,811.014944,0
-76.773632,41.701532,5,1,811.014944,0
-76.702352,41.701389,5,1,1146.808282,0
-76.767613,41.701329,5,1,1135.701184,0
-76.621571,41.701156,14400,0,1707.856111,0
-76.634195,41.701147,672,0,1446.832102,0
-76.600156,41.701061,26,1,3061.44975,0
-76.628696,41.70105,13400,0,1488.093271,0
-76.561861,41.701045,5,1,499.57688,0
-76.560021,41.700962,26,1,2365.247606,0
-76.744657,41.700819,26,1,439.352818,0
-76.526211,41.700782,26,1,3959.881593,0
-76.581381,41.700722,26,1,3359.965188,0
-76.561002,41.700619,26,1,3296.170893,0
-76.629694,41.700609,879,0,1520.499305,0
-76.566582,41.700576,26,1,3234.668954,0
-76.73948,41.700479,5,1,742.005799,0
-76.562103,41.700369,26,1,3305.344825,0
-76.68164,41.700341,9320,0,986.560541,0
-76.730911,41.700219,5,1,659.649306,0
-76.662038,41.700204,26,1,1953.630248,0
-76.560017,41.700085,26,1,3372.198047,0
-76.759522,41.700059,5,1,1042.757246,0
-76.767852,41.70001,338,0,1038.07203,0
-76.779167,41.699937,5,1,518.073468,0
-76.701296,41.699852,32.2,0,1254.374248,0
-76.701296,41.699852,969,0,1254.374248,0
-76.538604,41.699802,26,1,4184.693561,0
-76.568257,41.699764,26,1,3317.786088,0
-76.719864,41.699763,16.1,0,506.916708,0
-76.758709,41.699709,5,1,967.258232,0
-76.558388,41.699628,80,0,3454.997504,0
-76.631807,41.699527,25200,0,1622.560347,0
-76.570596,41.699478,26,1,3349.62028,0
-76.569181,41.699457,26,1,3350.582792,0
-76.528141,41.699428,26,1,4136.666541,0
-76.696657,41.69934,25.3,0,1201.943336,0
-76.714735,41.699294,5,1,806.031542,0
-76.762472,41.699276,1710,0,1263.150097,0
-76.675086,41.699276,5,1,1262.290408,0
-76.569977,41.699236,26,1,3375.419671,0
-76.565515,41.699188,5,1,1884.397673,0
-76.679562,41.699179,3990,0,1139.873487,0
-76.556849,41.699048,26,1,3552.618219,0
-76.625523,41.698997,316,0,1780.70732,0
-76.625523,41.698997,12700,0,1780.70732,0
-76.631807,41.698923,3980,0,1689.66448,0
-76.767936,41.698905,5,1,974.860233,0
-76.537876,41.69883,5,1,4169.479602,0
-76.664981,41.698824,11400,0,1854.631772,0
-76.778833,41.698802,5,1,391.840979,0
-76.622308,41.698762,26,1,1909.368518,0
-76.678282,41.698664,12600,0,1221.886616,0
-76.534664,41.698597,28.3,0,4362.918907,0
-76.734754,41.698539,5,1,674.094452,0
-76.619123,41.698416,26,1,2074.032812,0
-76.616586,41.698392,5,1,1121.801252,0
-76.571396,41.698377,26,1,3474.501251,0
-76.626736,41.698208,136,0,1834.306653,0
-76.712359,41.69815,5,1,1039.053008,0
-76.541248,41.698062,5,1,3886.639282,0
-76.631998,41.697981,5,1,1023.808824,0
-76.631998,41.697981,13.4,0,1023.808824,0
-76.532221,41.697751,26,1,4395.437894,0
-76.532221,41.697751,26,1,4395.437894,0
-76.532221,41.697751,2130,0,4395.437894,0
-76.627669,41.697646,26,1,1876.085592,0
-76.539297,41.697631,26,1,4047.638476,0
-76.626128,41.697405,7950,0,1933.987868,0
-76.588308,41.697401,26,1,3907.560546,0
-76.590121,41.697377,26,1,3972.748634,0
-76.628987,41.697325,26,1,1890.350543,0
-76.628987,41.697325,26,1,1890.350543,0
-76.590927,41.697325,26,1,3933.040261,0
-76.592025,41.697315,518,0,3853.582783,0
-76.586365,41.697196,26,1,3866.90499,0
-76.559863,41.697107,26,1,3697.869702,0
-76.582311,41.697049,26,1,2119.907635,0
-76.582311,41.697049,26,1,3773.25409,0
-76.582311,41.697049,26,1,3773.25409,0
-76.631385,41.696997,26,1,1905.252923,0
-76.602921,41.696943,26,1,3118.653748,0
-76.627293,41.696885,5,1,921.33443,0
-76.550891,41.696863,26,1,3950.539382,0
-76.691421,41.696786,26.1,0,1504.813397,0
-76.545074,41.696681,26,1,4180.022915,0
-76.564424,41.696629,26,1,3688.343681,0
-76.537326,41.696569,26,1,4536.134231,0
-76.537326,41.696569,26,1,4536.134231,0
-76.662922,41.696515,26,1,1585.530004,0
-76.600251,41.69642,2320,0,3330.760554,0
-76.723535,41.696418,5,1,475.149123,0
-76.627069,41.69638,26,1,1773.927179,0
-76.67997,41.696323,29.4,0,1446.220023,0
-76.783391,41.696282,26,1,381.467438,0
-76.783391,41.696282,26,1,381.467438,0
-76.627629,41.696267,26,1,1814.523623,0
-76.571266,41.696265,5,1,1396.345276,0
-76.624005,41.696182,26,1,2117.854505,0
-76.750084,41.696171,1350,0,247.1078,0
-76.578487,41.696114,26,1,3797.624015,0
-76.758545,41.696079,5,1,930.897262,0
-76.726302,41.696024,5,1,257.31068,0
-76.726302,41.696024,5,1,257.31068,0
-76.568451,41.696023,26,1,1631.40288,0
-76.674032,41.696007,23.3,0,1625.518195,0
-76.585206,41.695992,26,1,3959.032641,0
-76.782922,41.695749,26,1,328.749613,0
-76.624757,41.695733,26,1,2145.060462,0
-76.555486,41.695645,381,0,3947.56419,0
-76.701892,41.695645,5,1,1705.986304,0
-76.600851,41.695532,26,1,663.797363,0
-76.626254,41.695379,26,1,2148.628673,0
-76.66094,41.695332,13000,0,1407.555782,0
-76.598948,41.695274,1740,0,3493.538518,0
-76.628365,41.69516,26,1,2136.286359,0
-76.58036,41.695152,26,1,3935.480053,0
-76.657242,41.695014,26,1,1315.453763,0
-76.657242,41.695014,26,1,1315.453763,0
-76.541737,41.694783,26,1,4500.879337,0
-76.541737,41.694783,26,1,4500.879337,0
-76.638554,41.694739,32,0,1934.98236,0
-76.67665,41.694698,5,1,1683.236039,0
-76.665612,41.694694,75.9,0,1503.17294,0
-76.288206,41.694614,5,1,1111.579183,0
-76.289752,41.694553,71.5,0,1154.242888,0
-76.288926,41.69452,13900,0,1135.612014,0
-76.674748,41.694336,5,1,1666.224831,0
-76.660545,41.694198,26,1,1277.294158,0
-76.660545,41.694198,26100,0,1277.294158,0
-76.287541,41.694141,5,1,1037.838216,0
-76.679441,41.694034,5,1,1704.416725,0
-76.329791,41.69401,5,1,1216.900339,0
-76.329791,41.69401,5.58,0,1216.900339,0
-76.592598,41.693988,33.7,0,4006.309738,0
-76.631478,41.693963,26,1,2241.850862,0
-76.594764,41.693863,98.9,0,3866.521135,0
-76.751189,41.693859,1410,0,483.234619,0
-76.72081,41.693409,7.36,0,664.116666,0
-76.644898,41.693376,26,1,1458.856657,0
-76.58881,41.693351,26,1,4308.339682,0
-76.537909,41.693225,5,1,4185.236346,0
-76.332498,41.693206,5,1,1049.354235,0
-76.574181,41.693202,26,1,4065.328825,0
-76.574181,41.693202,26,1,4065.328825,0
-76.6411,41.69313,247,0,1025.026181,0
-76.67779,41.693085,5,1,1655.957651,0
-76.6414,41.69303,1,1,1042.21869,0
-76.642438,41.693022,26,1,1568.429609,0
-76.328709,41.693022,10.4,0,1165.584136,0
-76.704698,41.692983,5,1,1895.438302,0
-76.704698,41.692983,5,1,1895.438302,0
-76.64242,41.69295,6.3,0,1115.138589,0
-76.64242,41.69295,26,1,1115.138589,0
-76.597598,41.692927,26,1,3742.400106,0
-76.64454,41.69282,3420,0,1272.958799,0
-76.559823,41.692756,26,1,4172.350382,0
-76.559823,41.692756,26,1,4172.350382,0
-76.559823,41.692756,26,1,4172.350382,0
-76.661101,41.692717,26,1,1137.132472,0
-76.581329,41.692697,26,1,4219.689474,0
-76.576999,41.69262,26,1,4158.664883,0
-76.766687,41.69262,5,1,1031.79917,0
-76.637893,41.692531,97.5,0,1826.915232,0
-76.64576,41.69246,21.6,0,1334.757008,0
-76.71386,41.692319,7.75,0,1253.753918,0
-76.563173,41.692255,26,1,4183.581843,0
-76.628848,41.69222,26,1,2453.772168,0
-76.330358,41.691994,5,1,996.800741,0
-76.616093,41.691989,26,1,2816.668232,0
-76.568694,41.69194,26,1,4186.807954,0
-76.592819,41.691932,26,1,4123.633722,0
-76.592819,41.691932,26,1,4123.633722,0
-76.583683,41.691927,26,1,4352.033033,0
-76.579401,41.691745,26,1,4288.894417,0
-76.698104,41.691653,4310,0,2065.125761,0
-76.64527,41.69124,5430,0,1261.817466,0
-76.602263,41.691222,26,1,3582.148772,0
-76.327604,41.691209,5,1,996.183324,0
-76.729174,41.690956,25.7,0,399.415848,0
-76.663717,41.690697,26,1,1047.458082,0
-76.599649,41.690637,26,1,3782.661053,0
-76.599649,41.690637,26,1,3782.661053,0
-76.756585,41.690289,5,1,1079.100762,0
-76.756585,41.690289,5,1,1079.100762,0
-76.620528,41.690283,26,1,1153.257387,0
-76.702024,41.69028,5,1,2260.750038,0
-76.588258,41.690218,26,1,4541.73316,0
-76.78067,41.69017,2390,0,554.089937,0
-76.605301,41.689994,26,1,3512.443927,0
-76.622337,41.689991,26,1,1306.31655,0
-76.327514,41.689982,5,1,872.26413,0
-76.659076,41.689898,6620,0,784.811634,0
-76.28098,41.68987,69.2,0,1054.83588,0
-76.760093,41.68978,5,1,1334.89759,0
-76.705701,41.689733,71.9,0,1980.061788,0
-76.334325,41.689708,5,1,633.307051,0
-76.590597,41.689588,26,1,4428.486096,0
-76.731574,41.689341,5,1,625.242507,0
-76.731574,41.689341,5,1,625.242507,0
-76.589686,41.689289,26,1,4508.606898,0
-76.77598,41.68908,5,1,694.731898,0
-76.747244,41.6888,26,1,931.630076,0
-76.747244,41.6888,26,1,931.630076,0
-76.78328,41.68877,5,1,776.367334,0
-76.764145,41.688758,5,1,1393.159604,0
-76.78318,41.68823,5,1,827.030953,0
-76.78506,41.68816,5,1,908.969389,0
-76.671456,41.687978,984,0,1383.601443,0
-76.671456,41.687978,2640,0,1383.601443,0
-76.627274,41.687928,4170,0,2443.806261,0
-76.705203,41.687865,6.05,0,2084.457988,0
-76.64078,41.68766,2,0,893.264909,0
-76.64279,41.6874,1,1,1062.63127,0
-76.328215,41.687136,5,1,660.685911,0
-76.79211,41.68687,5,1,1211.167937,0
-76.680329,41.68685,2,0,1297.705649,0
-76.680329,41.68685,26,1,2054.948222,0
-76.559904,41.686805,26,1,4822.460146,0
-76.279412,41.686779,26,1,1018.512522,0
-76.678528,41.686778,26,1,1906.848952,0
-76.565821,41.686711,26,1,4777.151726,0
-76.617561,41.686586,205,0,3215.494522,0
-76.317682,41.686558,5,1,535.080563,0
-76.768772,41.686389,419,0,1154.156221,0
-76.749325,41.686222,5,1,1228.258527,0
-76.330045,41.686167,5,1,563.872485,0
-76.758348,41.686157,15700,0,1524.264633,0
-76.737759,41.686101,5.25,0,1203.339383,0
-76.763734,41.686008,9750,0,1497.142114,0
-76.64948,41.6859,10.1,0,619.463922,0
-76.740228,41.685887,5,1,1358.244564,0
-76.671093,41.685603,6.9,0,656.814037,0
-76.671093,41.685603,26,1,1275.803118,0
-76.6717,41.685559,1,1,678.383481,0
-76.6717,41.685559,26,1,1324.126795,0
-76.6499,41.68549,25.2,0,567.425708,0
-76.672287,41.6854,26,1,1368.717281,0
-76.601608,41.685222,26,1,4117.04039,0
-76.630209,41.685193,52.7,0,2071.296092,0
-76.78156,41.68513,5,1,535.613247,0
-76.682194,41.685049,26,1,2179.126791,0
-76.682194,41.685049,26,1,2179.126791,0
-76.682194,41.685049,448,0,1340.775734,0
-76.674452,41.684625,2350,0,1534.689588,0
-76.276311,41.684284,5,1,449.825794,0
-76.685072,41.684245,26,1,2411.253535,0
-76.741695,41.684185,297,0,1521.076364,0
-76.78078,41.68414,5,1,417.83891,0
-76.676026,41.684104,481,0,1660.287595,0
-76.676026,41.684104,785,0,833.353958,0
-76.688251,41.684033,92.2,0,1176.831888,0
-76.677659,41.684016,1.5,0,949.714907,0
-76.677659,41.684016,26,1,1795.184092,0
-76.78035,41.68401,5,1,401.496178,0
-76.6433,41.683865,26,1,1058.639196,0
-76.662331,41.683849,26,1,524.881859,0
-76.625497,41.68376,34.2,0,1779.456741,0
-76.697246,41.683717,5,1,2186.032107,0
-76.7691,41.68361,5,1,982.612377,0
-76.7691,41.68361,5,1,982.612377,0
-76.706053,41.683555,12,0,1664.091565,0
-76.345669,41.683554,7.52,0,241.081922,0
-76.276406,41.683498,5,1,489.437194,0
-76.761517,41.683472,67.5,0,1582.586927,0
-76.676242,41.683467,26,1,1675.488743,0
-76.280254,41.683403,5,1,311.60026,0
-76.679322,41.683112,1,1,1043.530245,0
-76.679322,41.683112,26,1,1931.030687,0
-76.691601,41.682992,5,1,2381.276174,0
-76.691601,41.682992,16400,0,2381.276174,0
-76.78177,41.68291,5,1,302.550519,0
-76.686026,41.682702,170,0,2488.431936,0
-76.622509,41.682297,26,1,2784.676373,0
-76.697586,41.682095,5,1,2014.91833,0
-76.64759,41.682092,26,1,711.103697,0
-76.686221,41.682021,213,0,2507.471735,0
-76.634389,41.681875,26,1,1802.493782,0
-76.651713,41.681531,26,1,403.881393,0
-76.651713,41.681531,26,1,403.881393,0
-76.77238,41.68128,31.6,0,650.567059,0
-76.60625,41.68114,26,1,4139.545529,0
-76.64805,41.68103,1,0,705.132102,0
-76.693405,41.680945,1440,0,2110.448503,0
-76.654906,41.680672,26,1,297.863645,0
-76.711637,41.680348,26,1,1555.967401,0
-76.711637,41.680348,26,1,1555.967401,0
-76.711637,41.680348,399,0,1555.967401,0
-76.711637,41.680348,595,0,1555.967401,0
-76.647456,41.680347,26,1,779.498218,0
-76.647456,41.680347,26,1,779.498218,0
-76.331215,41.680251,258,0,606.895325,0
-76.605458,41.680078,5,1,1273.255018,0
-76.72384,41.679959,135,0,1668.814757,0
-76.607673,41.679921,5,1,1287.997098,0
-76.60163,41.679794,5,1,1367.726203,0
-76.691683,41.679738,7040,0,2108.97149,0
-76.713997,41.679683,26,1,1515.465272,0
-76.699653,41.679204,155,0,1650.774215,0
-76.699653,41.679204,212,0,1650.774215,0
-76.674053,41.6791,19.1,0,581.437365,0
-76.674053,41.6791,27.3,0,1561.708182,0
-76.78683,41.6791,16.8,0,554.410672,0
-76.329369,41.678969,5,1,751.246055,0
-76.78292,41.67888,5,1,269.691637,0
-76.79167,41.67882,5,1,953.570176,0
-76.7818,41.67881,5,1,211.828556,0
-76.608467,41.678654,5,1,1433.528656,0
-76.698542,41.678554,1320,0,1639.635653,0
-76.78829,41.67852,5,1,688.93706,0
-76.79013,41.6785,5,1,836.425636,0
-76.705853,41.678091,4240,0,1337.314077,0
-76.77544,41.67803,23.1,0,470.05735,0
-76.667224,41.677855,26,1,1101.035257,0
-76.332932,41.67785,5,1,756.270492,0
-76.607165,41.677701,5,1,1533.116813,0
-76.734326,41.677583,49,0,1259.060672,0
-76.280845,41.677518,187,0,957.611948,0
-76.699724,41.677401,2090,0,1478.376611,0
-76.699724,41.677401,2470,0,1478.376611,0
-76.607711,41.677203,5,1,1589.986072,0
-76.671242,41.677055,39.6,0,1433.764864,0
-76.608678,41.677045,5,1,1613.297338,0
-76.701636,41.677038,5,1,1359.800303,0
-76.738492,41.677004,5,1,1090.237157,0
-76.315967,41.676947,5,1,616.761655,0
-76.7756,41.67684,380,0,545.988045,0
-76.70573,41.676754,26,1,1196.539809,0
-76.70573,41.676754,26,1,1196.539809,0
-76.605139,41.676656,5,1,1654.657576,0
-76.706367,41.676644,775,0,1170.946532,0
-76.706945,41.676539,269,0,1148.806904,0
-76.707525,41.67648,1160,0,1133.527705,0
-76.707525,41.67648,1280,0,1133.527705,0
-76.606272,41.676417,5,1,1676.176474,0
-76.704532,41.676343,5430,0,1185.543087,0
-76.609097,41.676282,5,1,1701.306829,0
-76.708473,41.676263,12900,0,1099.27349,0
-76.349571,41.676256,26,1,766.542367,0
-76.349851,41.676102,91.5,0,794.26634,0
-76.7052,41.676014,1920,0,1131.743671,0
-76.705772,41.675884,154,0,1102.987055,0
-76.706356,41.675881,499,0,1088.983849,0
-76.706356,41.675881,530,0,1088.983849,0
-76.707242,41.675809,5,1,1064.309487,0
-76.706722,41.675797,269,0,1072.450267,0
-76.706722,41.675797,283,0,1072.450267,0
-76.311951,41.675768,5,1,590.124915,0
-76.707683,41.675536,2470,0,1027.779961,0
-76.707683,41.675536,4130,0,1027.779961,0
-76.609833,41.675479,5,1,1797.595017,0
-76.706497,41.675378,26,1,1031.955123,0
-76.707285,41.675363,39.7,0,1015.10361,0
-76.711221,41.675356,26,1,1000.361737,0
-76.711221,41.675356,26,1,1000.361737,0
-76.351044,41.675355,829,0,920.933133,0
-76.708157,41.675347,672,0,1001.104766,0
-76.608711,41.675331,5,1,1803.328441,0
-76.71157,41.675254,26,1,993.050973,0
-76.71157,41.675254,26,1,993.050973,0
-76.318016,41.675182,5,1,876.362605,0
-76.706449,41.675148,26,1,1008.422074,0
-76.707272,41.675119,26,1,988.774086,0
-76.712813,41.675105,26,1,997.683665,0
-76.712813,41.675105,569,0,997.683665,0
-76.709552,41.675089,23.1,0,963.524626,0
-76.713391,41.674957,77.8,0,995.231684,0
-76.713391,41.674957,95.5,0,995.231684,0
-76.710845,41.674954,84.4,0,952.6197,0
-76.710845,41.674954,102,0,952.6197,0
-76.706409,41.674904,26,1,983.257944,0
-76.706409,41.674904,26,1,983.257944,0
-76.609194,41.674839,5,1,1861.680903,0
-76.704789,41.674827,18800,0,1021.769738,0
-76.610619,41.674806,18.4,0,1881.608836,0
-76.707213,41.674799,26,1,954.99444,0
-76.316207,41.674736,5,1,825.439747,0
-76.689849,41.674731,5,1,1894.869978,0
-76.440058,41.674566,26,1,1863.519446,0
-76.706559,41.67436,26,1,921.776021,0
-76.706559,41.67436,26,1,921.776021,0
-76.757028,41.674343,5,1,1509.20445,0
-76.695361,41.67432,5,1,1484.231194,0
-76.707692,41.674169,49.9,0,878.201714,0
-76.696302,41.674152,71.9,0,1410.48942,0
-76.70614,41.673922,26,1,886.484987,0
-76.70614,41.673922,26,1,886.484987,0
-76.70614,41.673922,26,1,886.484987,0
-76.70614,41.673922,26.7,0,886.484987,0
-76.290968,41.673848,9.61,0,1152.838423,0
-76.681553,41.673676,26,1,2366.900324,0
-76.730163,41.673673,5,1,1130.702753,0
-76.350989,41.673599,1240,0,1076.657752,0
-76.604709,41.673519,857,0,2005.229802,0
-76.713714,41.673517,2560,0,854.006968,0
-76.317528,41.673186,5,1,1029.729739,0
-76.610599,41.673137,146,0,2064.525177,0
-76.282267,41.672957,797,0,1456.007073,0
-76.331591,41.672915,5,1,1311.034498,0
-76.611599,41.672712,5,1,2125.228267,0
-76.67762,41.6725,1,1,1230.595188,0
-76.67762,41.6725,35.4,0,2149.534991,0
-76.612736,41.672387,8.29,0,2181.764126,0
-76.686055,41.672323,26,1,2076.057441,0
-76.686055,41.672323,26,1,2076.057441,0
-76.280886,41.672248,9.32,0,1543.42655,0
-76.609542,41.672144,5,1,2162.727104,0
-76.762493,41.672001,5,1,1021.426683,0
-76.284636,41.671882,1510,0,1476.891171,0
-76.281732,41.671598,1090,0,1562.292298,0
-76.609888,41.671537,182,0,2233.979274,0
-76.282833,41.671439,1600,0,1523.02066,0
-76.688355,41.671251,26,1,1857.894211,0
-76.613495,41.671213,6.33,0,2323.47117,0
-76.609257,41.671185,26.1,0,2266.548927,0
-76.284666,41.671141,202,0,1464.880745,0
-76.76598,41.671062,454,0,1567.992494,0
-76.28724,41.671062,3400,0,1446.157902,0
-76.607374,41.670947,5,1,2284.324836,0
-76.279276,41.670842,1080,0,1464.789698,0
-76.325274,41.67073,5,1,1402.908874,0
-76.28553,41.670722,5,1,1411.587716,0
-76.706089,41.67066,18.7,0,482.182878,0
-76.605042,41.670655,6.73,0,2320.887628,0
-76.280924,41.670638,317,0,1478.936901,0
-76.606727,41.670611,5,1,2321.527732,0
-76.606727,41.670611,5.98,0,2321.527732,0
-76.328117,41.670554,26,1,1482.129566,0
-76.333426,41.67049,26,1,1527.7236,0
-76.279965,41.670481,116,0,1439.511066,0
-76.336926,41.670441,26,1,1386.567526,0
-76.294456,41.670441,5,1,1517.516714,0
-76.321797,41.670389,26,1,1418.818695,0
-76.613682,41.67038,26,1,2417.115863,0
-76.606048,41.670306,48.3,0,2355.943042,0
-76.329256,41.670304,26,1,1541.56126,0
-76.280873,41.670254,5,1,1436.99076,0
-76.279948,41.670148,4130,0,1403.399055,0
-76.607393,41.670143,2230,0,2373.73907,0
-76.690696,41.670131,26,1,1636.982284,0
-76.60415,41.670032,19.9,0,2395.533194,0
-76.280687,41.669917,118,0,1396.549211,0
-76.78329,41.66987,5,1,233.28585,0
-76.7819,41.66982,13.2,0,324.653461,0
-76.355526,41.66979,26,1,798.195497,0
-76.316141,41.669757,77.4,0,1325.605046,0
-76.316141,41.669757,225,0,1325.605046,0
-76.288896,41.669756,5,1,1312.398322,0
-76.357228,41.669703,26,1,673.33158,0
-76.330721,41.669665,5,1,1655.434282,0
-76.337987,41.669552,26,1,1444.075997,0
-76.605719,41.669443,5,1,2452.849316,0
-76.342583,41.669421,26,1,1375.10064,0
-76.285847,41.669361,5,1,1258.878436,0
-76.331763,41.669161,26,1,1710.758642,0
-76.33243,41.669156,26,1,1696.752976,0
-76.321863,41.669108,26,1,1561.021423,0
-76.280199,41.669108,5,1,1298.487123,0
-76.280199,41.669108,561,0,1298.487123,0
-76.330331,41.669007,26,1,1709.064113,0
-76.330331,41.669007,26,1,1709.064113,0
-76.316671,41.669002,26,1,1419.362877,0
-76.316671,41.669002,26,1,1419.362877,0
-76.329174,41.66879,26,1,1696.319149,0
-76.335068,41.668733,26,1,1624.998831,0
-76.613915,41.668699,5,1,2601.728164,0
-76.351486,41.668696,26,1,1155.024615,0
-76.318924,41.668684,190,0,1524.755228,0
-76.314575,41.668635,26,1,1410.254398,0
-76.314575,41.668635,26,1,1410.254398,0
-76.328789,41.6686,26,1,1705.788236,0
-76.616886,41.668569,5,1,2512.497264,0
-76.300811,41.668423,26,1,1631.976189,0
-76.300811,41.668423,26,1,1631.976189,0
-76.349978,41.66816,5,1,1293.372787,0
-76.343795,41.668115,26,1,1515.575504,0
-76.346848,41.66798,26,1,1544.325099,0
-76.325807,41.667959,26,1,1714.010108,0
-76.349533,41.667837,26,1,1341.129147,0
-76.734697,41.667763,758,0,511.512705,0
-76.734697,41.667763,4940,0,511.512705,0
-76.302309,41.66772,26,1,1641.74787,0
-76.693935,41.667707,26,1,1322.95636,0
-76.342298,41.667681,5,1,1569.906117,0
-76.765171,41.667681,5,1,897.297809,0
-76.732778,41.66768,17400,0,669.92929,0
-76.367327,41.667517,5,1,598.85964,0
-76.363535,41.667427,26,1,564.179876,0
-76.625082,41.667416,5,1,2423.255061,0
-76.314473,41.667398,26,1,1543.133631,0
-76.314473,41.667398,26,1,1543.133631,0
-76.345698,41.667384,26,1,1603.13671,0
-76.308191,41.667312,26,1,1540.411824,0
-76.308191,41.667312,26,1,1540.411824,0
-76.367302,41.666873,5,1,664.343173,0
-76.764044,41.666765,54,0,1028.339041,0
-76.299465,41.6666,26,1,1419.124146,0
-76.625647,41.666572,5,1,2508.312555,0
-76.619523,41.666549,6.67,0,2634.988921,0
-76.313296,41.666505,26,1,1625.905963,0
-76.313296,41.666505,26,1,1625.905963,0
-76.6251,41.666458,5,1,2527.982402,0
-76.30461,41.666392,26,1,1594.243398,0
-76.309498,41.666335,26,1,1636.69724,0
-76.309498,41.666335,26,1,1636.69724,0
-76.337,41.666099,5,1,1833.61898,0
-76.765019,41.666071,1220,0,1002.632362,0
-76.34504,41.666041,26,1,1748.358437,0
-76.764327,41.665922,5,1,1059.043813,0
-76.297538,41.665884,26,1,1247.812299,0
-76.31041,41.665749,26,1,1698.170245,0
-76.31041,41.665749,26,1,1698.170245,0
-76.619638,41.665586,5,1,2733.059944,0
-76.305456,41.665583,26,1,1551.448883,0
-76.344927,41.665515,26,1,1795.828664,0
-76.369506,41.665235,26,1,906.047895,0
-76.618337,41.66518,5,0,2811.72437,0
-76.277996,41.665141,5,1,823.657579,0
-76.305975,41.665031,26,1,1523.616531,0
-76.6139,41.664867,5,1,2991.504944,0
-76.298281,41.664694,26,1,1207.716669,0
-76.307932,41.664551,26,1,1580.204759,0
-76.29737,41.664507,26,1,1135.434286,0
-76.296867,41.664289,26,1,1087.789743,0
-76.296867,41.664289,26,1,1087.789743,0
-76.579693,41.663921,26,1,3748.969548,0
-76.741753,41.663883,2310,0,393.686342,0
-76.359711,41.663857,26,1,1033.952452,0
-76.738931,41.663856,2310,0,419.921203,0
-76.688262,41.663576,26,1,1814.390951,0
-76.368571,41.663267,5,1,1077.454628,0
-76.297714,41.663239,26,1,1071.304176,0
-76.301621,41.663125,1410,0,1157.887738,0
-76.301621,41.663125,2290,0,1157.887738,0
-76.344146,41.662921,26,1,1565.824366,0
-76.343833,41.662784,26,1,1544.24521,0
-76.736724,41.662674,31.8,0,622.48797,0
-76.31001,41.662314,26,1,1446.19738,0
-76.765321,41.662263,40.6,0,1282.871569,0
-76.622101,41.661799,5,1,3084.310321,0
-76.337791,41.661797,26,1,1386.468008,0
-76.358014,41.661687,26,1,1311.226857,0
-76.620905,41.661651,5,1,3123.295248,0
-76.702727,41.66139,26,1,809.727223,0
-76.358714,41.66128,26,1,1330.751709,0
-76.608837,41.661238,5,1,3367.673659,0
-76.318281,41.661224,26,1,1584.070167,0
-76.318281,41.661224,26,1,1584.070167,0
-76.329756,41.661171,26,1,1521.367326,0
-76.767913,41.66111,498,0,1277.163308,0
-76.688456,41.661057,26,1,1868.396222,0
-76.688456,41.661057,26,1,1868.396222,0
-76.360812,41.6609,26,1,1319.880909,0
-76.765985,41.660868,5,1,1378.880196,0
-76.357208,41.660546,26,1,1454.46407,0
-76.754144,41.660515,5,1,1342.219598,0
-76.314501,41.660482,26,1,1356.351178,0
-76.314501,41.660482,26,1,1356.351178,0
-76.32334,41.660395,26,1,1598.565977,0
-76.755226,41.660285,5,1,1431.152616,0
-76.342566,41.660267,26,1,1247.054543,0
-76.356447,41.660253,26,1,1510.823704,0
-76.335576,41.660227,26,1,1241.473688,0
-76.739459,41.660221,5,1,801.503104,0
-76.325068,41.660198,26,1,1587.23907,0
-76.694288,41.660195,26,1,1460.691963,0
-76.764587,41.660014,427,0,1521.581236,0
-76.772359,41.659923,5,1,1290.852892,0
-76.767258,41.659808,5,1,1431.058526,0
-76.327238,41.659799,26,1,1517.215438,0
-76.321192,41.659715,26,1,1528.038613,0
-76.337019,41.659558,26,1,1146.0432,0
-76.323358,41.659519,5,1,1501.207001,0
-76.321608,41.659409,26,1,1491.450992,0
-76.355672,41.659346,26,1,1629.864869,0
-76.26765,41.65921,51.9,0,661.005925,0
-76.778217,41.659167,5,1,1389.260822,0
-76.603428,41.659139,8.97,0,3607.613823,0
-76.339996,41.659105,26,1,1086.029475,0
-76.738549,41.6591,5,1,937.362834,0
-76.334185,41.659092,26,1,1153.752293,0
-76.779457,41.659022,5,1,1429.611616,0
-76.318023,41.659006,26,1,1373.23254,0
-76.336034,41.658875,26,1,1086.464216,0
-76.771961,41.658804,85.3,0,1418.919173,0
-76.69614,41.658535,5,1,1432.311283,0
-76.26709,41.65846,41.3,0,694.78671,0
-76.354939,41.658435,5,1,1661.38093,0
-76.686688,41.658372,26,1,2116.14924,0
-76.740305,41.658319,5,1,1005.823507,0
-76.684271,41.658205,26,1,2306.940407,0
-76.762763,41.658148,5,1,1769.723396,0
-76.762763,41.658148,5,1,1769.723396,0
-76.267,41.65802,26,1,699.967422,0
-76.74146,41.65797,5,1,1044.990133,0
-76.758933,41.657956,1520,0,1703.359179,0
-76.74513,41.657901,5,1,1110.371194,0
-76.310154,41.657872,26,1,962.203436,0
-76.366946,41.657824,5,1,1640.095214,0
-76.742116,41.657701,5,1,1078.844063,0
-76.688417,41.657693,26,1,2022.086429,0
-76.375315,41.657637,5,1,1670.371282,0
-76.334781,41.65759,26,1,979.965234,0
-76.738857,41.657587,5,1,1098.54336,0
-76.738857,41.657587,5,1,1098.54336,0
-76.686327,41.657498,26,1,2185.782555,0
-76.339249,41.657392,26,1,892.769719,0
-76.267159,41.657384,63.7,0,689.533116,0
-76.743039,41.657287,5,1,1134.564281,0
-76.686092,41.656835,26,1,2237.348855,0
-76.320554,41.656762,26,1,1208.352169,0
-76.736954,41.656605,527,0,1141.22507,0
-76.312294,41.656533,5,1,881.191941,0
-76.366986,41.656455,5,1,1644.632919,0
-76.371525,41.656375,5,1,1541.382239,0
-76.308471,41.656131,26,1,748.163605,0
-76.76198,41.65603,5,1,1525.642533,0
-76.378281,41.655988,5,1,1524.459722,0
-76.685715,41.655978,26,1,2311.350347,0
-76.335085,41.655924,26,1,799.097052,0
-76.683312,41.65592,26,1,2488.998132,0
-76.355207,41.655668,26,1,1514.347817,0
-76.312118,41.655616,5,1,784.058216,0
-76.339598,41.655555,26,1,689.951912,0
-76.358307,41.655481,5,1,1514.838431,0
-76.307566,41.655364,6.14,0,659.156184,0
-76.366884,41.655351,5,1,1533.653552,0
-76.308597,41.655348,26,1,662.829752,0
-76.308597,41.655348,26,1,662.829752,0
-76.330631,41.654987,26,1,935.165241,0
-76.338497,41.654779,26,1,603.86024,0
-76.369534,41.654693,5,1,1391.738481,0
-76.358326,41.654493,5,1,1405.5466,0
-76.36715,41.654464,5,1,1434.219392,0
-76.308384,41.654291,26,1,543.977871,0
-76.330396,41.654248,26,1,897.757415,0
-76.331926,41.654156,5,1,793.372811,0
-76.354493,41.654137,5,1,1388.483474,0
-76.263921,41.653975,26,1,1052.849978,0
-76.329894,41.653613,26,1,891.92098,0
-76.358279,41.653493,5,1,1295.687782,0
-76.26443,41.65336,26,1,1046.213076,0
-76.352596,41.653267,5,1,1206.248348,0
-76.741808,41.653186,5,1,1577.749485,0
-76.373309,41.653146,5,1,1169.458854,0
-76.335929,41.653075,5,1,485.501883,0
-76.328533,41.652615,26,1,874.237894,0
-76.307317,41.652488,26,1,340.041509,0
-76.358207,41.652336,5,1,1169.204467,0
-76.738259,41.652331,5,1,1548.65278,0
-76.351684,41.65218,26,1,1095.422284,0
-76.354551,41.652153,5,1,1233.275994,0
-76.336115,41.651845,5,1,365.601549,0
-76.304839,41.650924,26,1,277.595833,0
-76.304839,41.650924,26,1,277.595833,0
-76.372895,41.650323,5,1,859.43632,0
-76.386679,41.650078,5,1,977.423962,0
-76.282304,41.64903,5,1,1067.286704,0
-76.284265,41.648935,140,0,1033.161706,0
-76.2844,41.648808,882,0,1044.94705,0
-76.285072,41.648514,5,1,1044.375633,0
-76.374091,41.648484,5,1,649.343696,0
-76.302808,41.648129,55.6,0,417.45846,0
-76.288495,41.647657,5,1,890.192513,0
-76.284938,41.647636,5,1,1109.758479,0
-76.285889,41.646671,5,1,1119.360013,0
-76.303608,41.646659,98.3,0,448.021678,0
-76.387579,41.645548,5,1,553.94068,0
-76.387399,41.645545,5,1,544.557246,0
-76.275662,41.644942,5,1,1446.254077,0
-76.722796,41.644846,5,1,2022.792406,0
-76.279624,41.644369,5,1,1549.572678,0
-76.290707,41.644006,9.11,0,1146.934223,0
-76.339558,41.6438,26,1,619.78512,0
-76.338137,41.643699,5,1,633.261051,0
-76.696855,41.64354,5,1,2651.699434,0
-76.278837,41.643041,5,1,1681.584659,0
-76.274766,41.64286,60.6,0,1678.528304,0
-76.395228,41.642409,5,1,314.320127,0
-76.277291,41.642148,5,1,1646.248497,0
-76.3873,41.641568,5,1,316.274461,0
-76.38925,41.641411,5,1,478.653142,0
-76.298348,41.641353,5,1,1178.139211,0
-76.279438,41.641318,5,1,1518.581536,0
-76.342322,41.641277,26,1,726.072845,0
-76.334021,41.640665,2400,0,1051.281587,0
-76.389781,41.640587,5,1,461.323057,0
-76.27991,41.64017,26,1,1986.466091,0
-76.337032,41.639117,26,1,1150.356769,0
-76.29234,41.639048,4580,0,1496.449591,0
-76.341609,41.639039,26,1,819.973478,0
-76.341839,41.638851,26,1,808.082269,0
-76.345822,41.638651,26,1,517.081859,0
-76.301707,41.638114,15.6,0,1348.15461,0
-76.296064,41.63765,11.3,0,1576.227404,0
-76.374416,41.637427,5,1,578.71396,0
-76.306003,41.637064,37900,0,1381.179044,0
-76.344248,41.636722,26,1,751.202459,0
-76.29164,41.63623,26,1,1965.010932,0
-76.29926,41.63607,16300,0,1636.731145,0
-76.345866,41.635925,26,1,724.953066,0
-76.346203,41.63538,26,1,759.212338,0
-76.287616,41.635211,2090,0,2155.186192,0
-76.357154,41.634829,5,1,834.657314,0
-76.287505,41.634618,9390,0,865.996452,0
-76.302399,41.634522,46500,0,1711.697545,0
-76.289521,41.634092,26,1,2232.850397,0
-76.323495,41.633901,26,1,1345.02198,0
-76.370882,41.632774,6.09,0,1125.102786,0
-76.652393,41.632604,5,1,5634.967145,0
-76.34728,41.632561,26,1,1006.756472,0
-76.347687,41.632054,5,1,1051.070943,0
-76.64655,41.632035,5,1,5649.965335,0
-76.382448,41.631679,5,1,1104.467936,0
-76.331483,41.631622,5,1,1752.808955,0
-76.379977,41.631605,5,1,1147.11798,0
-76.364295,41.631524,5,1,1203.184326,0
-76.348019,41.631502,41.5,0,1103.653052,0
-76.651518,41.630736,41.2,0,5678.568889,0
-76.654002,41.630676,5,1,5641.09827,0
-76.306225,41.630348,11200,0,2124.888151,0
-76.37876,41.630347,5,1,1309.648917,0
-76.65244,41.629963,210,0,5928.023175,0
-76.387609,41.629882,5,1,1241.737094,0
-76.654822,41.629752,5,1,5944.71639,0
-76.654822,41.629752,5,1,5944.71639,0
-76.34678,41.629613,26,1,1332.683301,0
-76.652893,41.629611,34.8,0,5775.645808,0
-76.379828,41.629498,5,1,1377.648204,0
-76.379115,41.629468,5,1,1395.248975,0
-76.374431,41.629427,5,1,1467.653494,0
-76.651435,41.628906,13.8,0,5869.743639,0
-76.379545,41.628869,5,1,1451.127717,0
-76.317909,41.628664,46.1,0,1822.873746,0
-76.315527,41.628547,1350,0,1770.378878,0
-76.319031,41.628348,26,1,1986.07978,0
-76.656039,41.628345,5,1,5866.197002,0
-76.346073,41.628167,26,1,1503.438152,0
-76.318978,41.628056,26,1,2018.774205,0
-76.349142,41.627868,4690,0,1486.640968,0
-76.323519,41.627857,26,1,2016.791321,0
-76.317785,41.627727,5,1,1719.464787,0
-76.316596,41.627717,26,1,2095.678147,0
-76.362644,41.627515,5,1,1615.482629,0
-76.30699,41.62735,26,1,2453.38354,0
-76.33081,41.627141,26,1,2198.834656,0
-76.388389,41.627127,5,1,1486.280285,0
-76.30759,41.62696,26,1,2464.187402,0
-76.318753,41.626484,26,1,2194.327448,0
-76.740554,41.62642,50.5,0,2308.869271,0
-76.336056,41.626122,26,1,2086.141413,0
-76.354751,41.626045,2910,0,1707.275041,0
-76.378103,41.626012,5,1,1681.36513,0
-76.352676,41.625763,5,1,1716.510877,0
-76.656153,41.625627,5,1,5990.780563,0
-76.365124,41.62524,5,1,1341.437899,0
-76.355698,41.625079,76.6,0,1622.93643,0
-76.362168,41.62482,3240,0,1349.667412,0
-76.740383,41.624622,93.3,0,2476.686287,0
-76.385015,41.624074,26,1,1745.119294,0
-76.385015,41.624074,26,1,1745.119294,0
-76.366997,41.62401,29.1,0,1193.814892,0
-76.317345,41.623351,26,1,2557.343337,0
-76.326134,41.623198,26,1,2549.052869,0
-76.353254,41.622952,5,1,1580.526579,0
-76.740542,41.622855,20.6,0,2631.038513,0
-76.335093,41.622768,191,0,2438.221951,0
-76.318623,41.622631,17800,0,2619.981614,0
-76.377567,41.622418,5,1,1332.328514,0
-76.740386,41.622373,5,1,2683.093794,0
-76.324738,41.622266,20300,0,2642.48182,0
-76.31281,41.62187,12800,0,2807.015077,0
-76.380243,41.621849,5,1,1442.829854,0
-76.740144,41.621808,5,1,2746.873846,0
-76.741543,41.621703,8.62,0,2696.316508,0
-76.322249,41.621481,26,1,2725.175901,0
-76.340989,41.621464,26,1,2344.916785,0
-76.30597,41.62098,26,1,3112.298524,0
-76.739676,41.62068,5,1,2873.745545,0
-76.740504,41.620502,5,1,2855.233184,0
-76.30375,41.62048,65,0,3234.628246,0
-76.301854,41.620397,26,1,3262.745896,0
-76.354948,41.620368,5,1,1286.96678,0
-76.30633,41.6202,26,1,3177.026934,0
-76.30597,41.61997,311,0,3213.034883,0
-76.340451,41.619892,38.5,0,2340.744471,0
-76.381041,41.619513,5,1,1342.114254,0
-76.381041,41.619513,5,1,1342.114254,0
-76.314658,41.619472,26,1,3024.742347,0
-76.30416,41.619268,61.1,0,3350.33933,0
-76.739972,41.619129,5,1,3009.549847,0
-76.307933,41.619031,1570,0,3241.796891,0
-76.31056,41.61837,174,0,3234.71405,0
-76.316069,41.618339,26,1,3124.600502,0
-76.30803,41.61813,26,1,3331.634665,0
-76.354573,41.618101,5,1,1177.530177,0
-76.309335,41.618033,5810,0,631.367,0
-76.356967,41.617997,5,1,998.351351,0
-76.307978,41.617752,26,1,3372.301275,0
-76.744227,41.617682,5,1,2999.715486,0
-76.744227,41.617682,5,1,2999.715486,0
-76.341324,41.617416,26,1,2198.337066,0
-76.358479,41.617094,5,1,838.850778,0
-76.68281,41.616916,26,1,5776.418914,0
-76.3066,41.61663,26,1,3530.821,0
-76.308037,41.615867,26,1,3566.584335,0
-76.319487,41.615691,26,1,3379.838235,0
-76.30586,41.61533,26,1,3687.909973,0
-76.35689,41.615292,26,1,884.440219,0
-76.341759,41.614306,26,1,2116.51696,0
-76.384608,41.612749,26,1,603.305052,0
-76.34379,41.612619,26,1,1945.992421,0
-76.377709,41.61259,26,1,585.794017,0
-76.734352,41.611741,92.2,0,3954.630395,0
-76.73457,41.611021,5,1,4015.691281,0
-76.777328,41.610872,5,1,3401.118016,0
-76.382118,41.61086,2050,0,657.383501,0
-76.339917,41.610267,26,1,2291.139311,0
-76.778849,41.609955,5,1,3532.485271,0
-76.778849,41.609955,5,1,3532.485271,0
-76.328879,41.609934,26,1,3205.874087,0
-76.32472,41.609316,26,1,3557.434775,0
-76.776193,41.608441,10.5,0,3643.246649,0
-76.340167,41.608161,26,1,2316.7882,0
-76.355987,41.606983,5,1,1164.298111,0
-76.339819,41.60628,5,1,1913.033276,0
-76.446868,41.605999,5,1,1505.20435,0
-76.332146,41.605359,26,1,3042.903065,0
-76.347135,41.605295,26,1,1888.117588,0
-76.341708,41.605068,26,1,2306.07232,0
-76.340234,41.604635,26,1,2437.674053,0
-76.336223,41.604618,26,1,2747.926138,0
-76.774698,41.604575,5,1,4044.07387,0
-76.331488,41.602917,26,1,3183.239792,0
-76.349188,41.602685,5,1,1881.90719,0
-76.356973,41.602389,5,1,1478.356858,0
-76.729686,41.599925,5,1,3807.826537,0
-76.340312,41.598033,5,1,1049.088411,0
-76.332427,41.597159,5,1,3400.188774,0
-76.345833,41.596994,5,1,1225.696723,0
-76.342506,41.595443,5,1,908.222189,0
-76.34132,41.594699,5,1,2981.613973,0
-76.368532,41.592818,5,1,1775.938473,0
-76.346736,41.592105,5,1,1012.224291,0
-76.34619,41.591175,5,1,942.417656,0
-76.34095,41.59035,26,1,3354.884734,0
-76.33894,41.58988,26,1,3504.489456,0
-76.33848,41.58974,26,1,2822.912418,0
-76.33848,41.58974,26,1,2822.912418,0
-76.362948,41.589437,5,1,2278.872563,0
-76.362948,41.589437,5,1,2278.872563,0
-76.3392,41.58887,26,1,3574.547686,0
-76.359954,41.588221,5,1,2071.681368,0
-76.316425,41.587032,5,1,2865.309396,0
-76.358126,41.586944,5,1,1935.251113,0
-76.359625,41.585905,5,1,2077.44849,0
-76.347609,41.584632,5,1,1170.00764,0
-76.354681,41.584414,5,1,1722.043847,0
-76.362315,41.581562,5.52,0,2427.354208,0
-76.361297,41.573786,5,1,2530.145729,0
-76.215367,41.549207,26,1,2157.969046,0
